﻿{"cameraMode":{"drawMode":0,"name":"Shaded","section":"Shading Mode"},"sceneLighting":true,"audioPlay":false,"sceneViewState":{"showFog":true,"showMaterialUpdate":false,"showSkybox":true,"showFlares":true,"showImageEffects":true,"showParticleSystems":true},"in2DMode":false,"pivot":{"x":-14.773002624511719,"y":21.32439422607422,"z":23.502721786499025},"rotation":{"x":-0.001950036850757897,"y":-0.9320304989814758,"z":0.3623693585395813,"w":-0.0050288657657802109},"size":12.862168312072754,"orthographic":false}