﻿{"cameraMode":{"drawMode":0,"name":"Shaded","section":"Shading Mode"},"sceneLighting":true,"audioPlay":false,"sceneViewState":{"showFog":true,"showMaterialUpdate":false,"showSkybox":true,"showFlares":true,"showImageEffects":true,"showParticleSystems":true},"in2DMode":false,"pivot":{"x":32.76333999633789,"y":7.45499849319458,"z":22.268619537353517},"rotation":{"x":0.2600194811820984,"y":0.13732464611530305,"z":-0.0373966246843338,"w":0.9550721645355225},"size":12.513778686523438,"orthographic":false}